N,decode,gop,inf_per_s_per_stream,skip,decoded_per_s,offered_per_s,hold_pct,pre_ms,queue_ms,gpu_ms,total_ms,nvdec_pct,sm_pct,vram_mb,plates,bottleneck
1,all,30,30.0000,1,29.8,30.0,99.3,0.11,0.05,1.90,2.06,16,5,0,750,none(offered-bound)
1,all,30,15.0000,2,29.6,30.0,98.7,0.11,0.02,1.95,2.08,16,2,1687,539,none(offered-bound)
1,all,30,10.0000,3,29.6,30.0,98.7,0.12,0.01,1.87,2.00,15,2,0,212,none(offered-bound)
1,all,30,7.5000,4,29.6,30.0,98.7,0.11,0.02,1.88,2.01,16,2,0,161,none(offered-bound)
1,all,30,5.0000,6,29.6,30.0,98.7,0.12,0.02,1.94,2.08,16,0,0,149,none(offered-bound)
1,all,30,3.7500,8,29.6,30.0,98.7,0.12,0.02,1.97,2.11,16,0,0,116,none(offered-bound)
1,all,30,2.5000,12,29.6,30.0,98.7,0.12,0.02,1.99,2.13,17,2,1692,57,none(offered-bound)
1,all,30,2.0000,15,29.4,30.0,98.0,0.11,0.02,1.99,2.12,17,0,0,43,none(offered-bound)
1,all,30,1.2500,24,29.6,30.0,98.7,0.12,0.02,2.14,2.28,15,0,1692,51,none(offered-bound)
1,all,30,1.0000,30,29.8,30.0,99.3,0.12,0.02,2.08,2.22,16,0,0,25,none(offered-bound)
1,all,30,0.6667,45,29.6,30.0,98.7,0.12,0.02,2.08,2.22,15,0,1692,15,none(offered-bound)
1,all,30,0.5000,60,29.4,30.0,98.0,0.12,0.02,2.04,2.18,15,0,0,10,none(offered-bound)
1,all,30,0.3333,90,29.6,30.0,98.7,0.12,0.02,2.23,2.37,16,1,0,13,none(offered-bound)
1,all,30,0.2000,150,29.6,30.0,98.7,0.16,0.02,2.07,2.25,16,1,0,2,none(offered-bound)
4,all,30,30.0000,1,116.9,120.0,97.4,0.22,0.25,2.06,2.53,65,18,0,2351,none(offered-bound)
4,all,30,15.0000,2,116.9,120.0,97.4,0.40,0.19,1.99,2.58,65,12,0,2271,none(offered-bound)
4,all,30,10.0000,3,116.9,120.0,97.4,0.30,0.06,1.89,2.25,64,8,0,956,none(offered-bound)
4,all,30,7.5000,4,116.9,120.0,97.4,0.36,0.08,1.86,2.30,63,7,0,637,none(offered-bound)
4,all,30,5.0000,6,116.9,120.0,97.4,0.22,0.02,1.84,2.08,64,6,0,473,none(offered-bound)
4,all,30,3.7500,8,116.9,120.0,97.4,0.43,0.09,2.00,2.52,65,3,0,536,none(offered-bound)
4,all,30,2.5000,12,116.9,120.0,97.4,0.17,0.02,1.86,2.05,64,3,0,210,none(offered-bound)
4,all,30,2.0000,15,117.6,120.0,98.0,0.46,0.02,1.87,2.35,62,3,0,163,none(offered-bound)
4,all,30,1.2500,24,116.9,120.0,97.4,0.35,0.02,2.01,2.38,63,1,0,194,none(offered-bound)
4,all,30,1.0000,30,117.6,120.0,98.0,0.34,0.02,1.96,2.32,62,1,0,99,none(offered-bound)
4,all,30,0.6667,45,116.9,120.0,97.4,0.16,0.02,1.93,2.11,63,1,0,50,none(offered-bound)
4,all,30,0.5000,60,116.9,120.0,97.4,0.12,0.02,1.96,2.10,63,1,0,50,none(offered-bound)
4,all,30,0.3333,90,118.3,120.0,98.6,0.11,0.02,2.10,2.23,63,1,0,49,none(offered-bound)
4,all,30,0.2000,150,116.2,120.0,96.8,0.12,0.02,2.03,2.17,63,1,0,21,none(offered-bound)
8,all,30,30.0000,1,181.8,240.0,75.8,19.82,26.51,5.64,51.97,100,16,0,4784,NVDEC
8,all,30,15.0000,2,183.5,240.0,76.5,20.54,20.50,3.78,44.82,100,10,0,4484,NVDEC
8,all,30,10.0000,3,184.4,240.0,76.8,19.99,12.42,3.01,35.42,100,8,0,1683,NVDEC
8,all,30,7.5000,4,183.5,240.0,76.5,22.31,11.96,2.76,37.03,100,6,0,1479,NVDEC
8,all,30,5.0000,6,184.4,240.0,76.8,21.55,8.98,2.70,33.23,100,6,0,1429,NVDEC
8,all,30,3.7500,8,184.4,240.0,76.8,20.48,5.35,2.47,28.30,100,5,0,630,NVDEC
8,all,30,2.5000,12,184.4,240.0,76.8,23.08,4.26,2.36,29.70,100,3,0,480,NVDEC
8,all,30,2.0000,15,184.4,240.0,76.8,22.25,3.93,2.42,28.60,100,3,0,530,NVDEC
8,all,30,1.2500,24,183.5,240.0,76.5,23.16,2.07,2.24,27.47,100,1,0,237,NVDEC
8,all,30,1.0000,30,184.3,240.0,76.8,19.03,1.86,2.30,23.19,100,2,0,262,NVDEC
8,all,30,0.6667,45,185.3,240.0,77.2,23.54,2.10,2.18,27.82,100,1,0,111,NVDEC
8,all,30,0.5000,60,184.4,240.0,76.8,22.31,1.71,2.11,26.13,100,2,0,73,NVDEC
8,all,30,0.3333,90,184.4,240.0,76.8,18.84,0.76,2.21,21.81,100,1,0,82,NVDEC
8,all,30,0.2000,150,185.3,240.0,77.2,23.53,0.43,2.25,26.21,100,1,0,40,NVDEC
16,all,30,30.0000,1,183.2,480.0,38.2,41.26,92.10,12.26,145.62,100,13,0,12551,NVDEC
16,all,30,15.0000,2,185.0,480.0,38.5,42.74,82.07,6.45,131.26,100,7,0,4641,NVDEC
16,all,30,10.0000,3,185.4,480.0,38.6,42.39,64.88,4.68,111.95,100,6,0,5514,NVDEC
16,all,30,7.5000,4,185.0,480.0,38.5,41.90,50.77,3.69,96.36,100,5,0,2993,NVDEC
16,all,30,5.0000,6,185.9,480.0,38.7,43.44,38.47,3.13,85.04,100,4,0,1664,NVDEC
16,all,30,3.7500,8,185.4,480.0,38.6,43.86,30.82,2.89,77.57,100,3,0,1452,NVDEC
16,all,30,2.5000,12,185.4,480.0,38.6,42.46,20.43,2.72,65.61,100,3,0,1377,NVDEC
16,all,30,2.0000,15,185.0,480.0,38.5,43.17,15.02,2.55,60.74,100,3,0,650,NVDEC
16,all,30,1.2500,24,185.8,480.0,38.7,43.29,10.30,2.56,56.15,100,2,0,502,NVDEC
16,all,30,1.0000,30,185.4,480.0,38.6,40.81,8.60,2.53,51.94,100,2,0,557,NVDEC
16,all,30,0.6667,45,185.8,480.0,38.7,46.08,7.86,2.38,56.32,100,1,0,277,NVDEC
16,all,30,0.5000,60,185.8,480.0,38.7,45.44,6.97,2.38,54.79,100,1,0,139,NVDEC
16,all,30,0.3333,90,185.4,480.0,38.6,41.22,6.82,2.45,50.49,100,1,0,168,NVDEC
16,all,30,0.2000,150,185.4,480.0,38.6,38.13,5.06,2.41,45.60,100,1,0,104,NVDEC
32,all,30,30.0000,1,0,960.0,0.0,0,0,0,0.00,100,4,0,0,NVDEC
32,all,30,15.0000,2,0,960.0,0.0,0,0,0,0.00,100,10,0,0,NVDEC
32,all,30,10.0000,3,0,960.0,0.0,0,0,0,0.00,100,3,0,0,NVDEC
32,all,30,7.5000,4,0,960.0,0.0,0,0,0,0.00,100,3,0,0,NVDEC
32,all,30,5.0000,6,0,960.0,0.0,0,0,0,0.00,100,2,0,0,NVDEC
32,all,30,3.7500,8,0,960.0,0.0,0,0,0,0.00,100,4,0,0,NVDEC
32,all,30,2.5000,12,0,960.0,0.0,0,0,0,0.00,100,3,0,0,NVDEC
32,all,30,2.0000,15,0,960.0,0.0,0,0,0,0.00,100,2,0,0,NVDEC
32,all,30,1.2500,24,0,960.0,0.0,0,0,0,0.00,100,2,0,0,NVDEC
32,all,30,1.0000,30,0,960.0,0.0,0,0,0,0.00,100,2,0,0,NVDEC
32,all,30,0.6667,45,0,960.0,0.0,0,0,0,0.00,100,2,0,0,NVDEC
32,all,30,0.5000,60,0,960.0,0.0,0,0,0,0.00,100,1,0,0,NVDEC
32,all,30,0.3333,90,0,960.0,0.0,0,0,0,0.00,100,1,0,0,NVDEC
32,all,30,0.2000,150,0,960.0,0.0,0,0,0,0.00,100,1,0,0,NVDEC
50,all,30,30.0000,1,0,1500.0,0.0,0,0,0,0.00,100,5,0,0,VRAM-OOM
50,all,30,15.0000,2,0,1500.0,0.0,0,0,0,0.00,100,4,0,0,VRAM-OOM
50,all,30,10.0000,3,0,1500.0,0.0,0,0,0,0.00,100,2,0,0,VRAM-OOM
50,all,30,7.5000,4,0,1500.0,0.0,0,0,0,0.00,100,3,0,0,VRAM-OOM
50,all,30,5.0000,6,0,1500.0,0.0,0,0,0,0.00,100,3,0,0,VRAM-OOM
50,all,30,3.7500,8,0,1500.0,0.0,0,0,0,0.00,100,2,0,0,VRAM-OOM
50,all,30,2.5000,12,0,1500.0,0.0,0,0,0,0.00,100,2,0,0,VRAM-OOM
50,all,30,2.0000,15,0,1500.0,0.0,0,0,0,0.00,100,2,0,0,VRAM-OOM
50,all,30,1.2500,24,0,1500.0,0.0,0,0,0,0.00,100,2,0,0,VRAM-OOM
50,all,30,1.0000,30,0,1500.0,0.0,0,0,0,0.00,100,2,0,0,VRAM-OOM
50,all,30,0.6667,45,0,1500.0,0.0,0,0,0,0.00,100,1,0,0,VRAM-OOM
50,all,30,0.5000,60,0,1500.0,0.0,0,0,0,0.00,100,1,0,0,VRAM-OOM
50,all,30,0.3333,90,0,1500.0,0.0,0,0,0,0.00,100,1,0,0,VRAM-OOM
50,all,30,0.2000,150,0,1500.0,0.0,0,0,0,0.00,100,1,0,0,VRAM-OOM
75,all,30,30.0000,1,0,2250.0,0.0,0,0,0,0.00,100,5,0,0,VRAM-OOM
75,all,30,15.0000,2,0,2250.0,0.0,0,0,0,0.00,96,5,0,0,VRAM-OOM
75,all,30,10.0000,3,0,2250.0,0.0,0,0,0,0.00,96,5,0,0,VRAM-OOM
75,all,30,7.5000,4,0,2250.0,0.0,0,0,0,0.00,96,3,0,0,VRAM-OOM
75,all,30,5.0000,6,0,2250.0,0.0,0,0,0,0.00,100,3,0,0,VRAM-OOM
75,all,30,3.7500,8,0,2250.0,0.0,0,0,0,0.00,96,3,0,0,VRAM-OOM
75,all,30,2.5000,12,0,2250.0,0.0,0,0,0,0.00,94,3,0,0,VRAM-OOM
75,all,30,2.0000,15,0,2250.0,0.0,0,0,0,0.00,96,3,0,0,VRAM-OOM
75,all,30,1.2500,24,0,2250.0,0.0,0,0,0,0.00,96,3,0,0,VRAM-OOM
75,all,30,1.0000,30,0,2250.0,0.0,0,0,0,0.00,96,2,0,0,VRAM-OOM
75,all,30,0.6667,45,0,2250.0,0.0,0,0,0,0.00,96,2,0,0,VRAM-OOM
75,all,30,0.5000,60,0,2250.0,0.0,0,0,0,0.00,100,2,0,0,VRAM-OOM
75,all,30,0.3333,90,0,2250.0,0.0,0,0,0,0.00,96,1,0,0,VRAM-OOM
75,all,30,0.2000,150,0,2250.0,0.0,0,0,0,0.00,100,1,0,0,VRAM-OOM
100,all,30,30.0000,1,0,3000.0,0.0,0,0,0,0.00,75,4,7833,0,VRAM-OOM
100,all,30,15.0000,2,0,3000.0,0.0,0,0,0,0.00,69,4,0,0,VRAM-OOM
100,all,30,10.0000,3,0,3000.0,0.0,0,0,0,0.00,71,3,0,0,VRAM-OOM
100,all,30,7.5000,4,0,3000.0,0.0,0,0,0,0.00,71,5,0,0,VRAM-OOM
100,all,30,5.0000,6,0,3000.0,0.0,0,0,0,0.00,83,4,0,0,VRAM-OOM
100,all,30,3.7500,8,0,3000.0,0.0,0,0,0,0.00,80,4,0,0,VRAM-OOM
100,all,30,2.5000,12,0,3000.0,0.0,0,0,0,0.00,84,5,7833,0,VRAM-OOM
100,all,30,2.0000,15,0,3000.0,0.0,0,0,0,0.00,92,3,0,0,VRAM-OOM
100,all,30,1.2500,24,0,3000.0,0.0,0,0,0,0.00,77,3,7833,0,VRAM-OOM
100,all,30,1.0000,30,0,3000.0,0.0,0,0,0,0.00,91,2,7842,0,VRAM-OOM
100,all,30,0.6667,45,0,3000.0,0.0,0,0,0,0.00,93,2,0,0,VRAM-OOM
100,all,30,0.5000,60,0,3000.0,0.0,0,0,0,0.00,95,2,7836,0,VRAM-OOM
100,all,30,0.3333,90,0,3000.0,0.0,0,0,0,0.00,96,1,7843,0,VRAM-OOM
100,all,30,0.2000,150,0,3000.0,0.0,0,0,0,0.00,100,1,0,0,VRAM-OOM
1,key15,15,2.0000,1,2.0,2.0,100.0,0.11,0.02,1.94,2.07,0,0,0,45,none(offered-bound)
1,key15,15,1.0000,2,1.9,2.0,95.0,0.12,0.02,2.18,2.32,0,0,0,39,none(offered-bound)
1,key15,15,0.6667,3,2.0,2.0,100.0,0.12,0.02,2.03,2.17,0,0,0,13,none(offered-bound)
1,key15,15,0.5000,4,2.0,2.0,100.0,0.12,0.02,2.03,2.17,0,0,0,9,none(offered-bound)
1,key15,15,0.3333,6,1.9,2.0,95.0,0.12,0.02,2.26,2.40,0,0,0,13,none(offered-bound)
1,key15,15,0.2500,8,2.0,2.0,100.0,0.13,0.10,2.28,2.51,0,0,0,8,none(offered-bound)
1,key15,15,0.1667,12,2.0,2.0,100.0,0.14,0.02,2.04,2.20,5,1,0,1,none(offered-bound)
1,key15,15,0.1333,15,2.0,2.0,100.0,0.14,0.02,2.34,2.50,0,1,0,4,none(offered-bound)
1,key15,15,0.0833,24,1.9,2.0,95.0,0.17,0.02,2.52,2.71,0,1,0,1,none(offered-bound)
1,key15,15,0.0667,30,2.0,2.0,100.0,0.19,0.02,2.30,2.51,0,1,0,0,none(offered-bound)
4,key15,15,2.0000,1,7.8,8.0,97.5,0.10,0.01,1.89,2.00,5,3,0,182,none(offered-bound)
4,key15,15,1.0000,2,7.8,8.0,97.5,0.10,0.02,1.93,2.05,5,1,0,120,none(offered-bound)
4,key15,15,0.6667,3,7.8,8.0,97.5,0.10,0.02,1.99,2.11,5,1,0,78,none(offered-bound)
4,key15,15,0.5000,4,7.8,8.0,97.5,0.10,0.02,1.99,2.11,4,1,0,41,none(offered-bound)
4,key15,15,0.3333,6,7.8,8.0,97.5,0.11,0.02,1.97,2.10,0,1,0,31,none(offered-bound)
4,key15,15,0.2500,8,7.8,8.0,97.5,0.11,0.02,2.11,2.24,0,1,0,33,none(offered-bound)
4,key15,15,0.1667,12,7.8,8.0,97.5,0.11,0.02,1.94,2.07,0,1,0,10,none(offered-bound)
4,key15,15,0.1333,15,7.8,8.0,97.5,0.11,0.02,2.20,2.33,5,0,0,16,none(offered-bound)
4,key15,15,0.0833,24,7.8,8.0,97.5,0.12,0.02,2.03,2.17,0,0,0,6,none(offered-bound)
4,key15,15,0.0667,30,7.8,8.0,97.5,0.13,0.02,2.29,2.44,6,0,0,8,none(offered-bound)
8,key15,15,2.0000,1,15.6,16.0,97.5,0.10,0.02,1.86,1.98,6,2,0,325,none(offered-bound)
8,key15,15,1.0000,2,15.6,16.0,97.5,0.10,0.01,1.86,1.97,11,2,0,184,none(offered-bound)
8,key15,15,0.6667,3,15.6,16.0,97.5,0.10,0.02,1.98,2.10,11,0,0,178,none(offered-bound)
8,key15,15,0.5000,4,15.6,16.0,97.5,0.10,0.02,1.90,2.02,11,2,0,84,none(offered-bound)
8,key15,15,0.3333,6,15.7,16.0,98.1,0.10,0.02,1.97,2.09,7,0,0,63,none(offered-bound)
8,key15,15,0.2500,8,15.6,16.0,97.5,0.10,0.02,2.00,2.12,11,0,0,52,none(offered-bound)
8,key15,15,0.1667,12,15.6,16.0,97.5,0.11,0.02,2.08,2.21,11,0,0,42,none(offered-bound)
8,key15,15,0.1333,15,15.6,16.0,97.5,0.11,0.02,1.98,2.11,11,0,0,15,none(offered-bound)
8,key15,15,0.0833,24,15.6,16.0,97.5,0.11,0.02,1.93,2.06,11,0,0,10,none(offered-bound)
8,key15,15,0.0667,30,15.6,16.0,97.5,0.12,0.02,2.14,2.28,5,0,0,12,none(offered-bound)
16,key15,15,2.0000,1,31.2,32.0,97.5,0.18,0.06,1.88,2.12,15,4,0,724,none(offered-bound)
16,key15,15,1.0000,2,31.2,32.0,97.5,0.43,0.03,1.89,2.35,15,4,0,367,none(offered-bound)
16,key15,15,0.6667,3,31.2,32.0,97.5,0.18,0.02,1.89,2.09,15,2,0,282,none(offered-bound)
16,key15,15,0.5000,4,31.2,32.0,97.5,0.10,0.02,1.97,2.09,16,2,0,248,none(offered-bound)
16,key15,15,0.3333,6,31.4,32.0,98.1,0.32,0.03,1.91,2.26,20,2,0,110,none(offered-bound)
16,key15,15,0.2500,8,31.0,32.0,96.9,0.10,0.03,1.91,2.04,22,2,0,88,none(offered-bound)
16,key15,15,0.1667,12,31.2,32.0,97.5,0.10,0.02,2.08,2.20,22,0,0,93,none(offered-bound)
16,key15,15,0.1333,15,31.2,32.0,97.5,0.11,0.02,1.96,2.09,19,0,0,46,none(offered-bound)
16,key15,15,0.0833,24,31.2,32.0,97.5,0.11,0.02,2.01,2.14,18,0,0,31,none(offered-bound)
16,key15,15,0.0667,30,31.2,32.0,97.5,0.11,0.02,1.98,2.11,16,0,0,20,none(offered-bound)
32,key15,15,2.0000,1,62.0,64.0,96.9,1.51,1.01,1.98,4.50,33,11,0,2128,none(offered-bound)
32,key15,15,1.0000,2,62.3,64.0,97.3,2.03,1.05,1.87,4.95,35,5,0,650,none(offered-bound)
32,key15,15,0.6667,3,62.0,64.0,96.9,1.31,0.77,1.87,3.95,34,4,0,461,none(offered-bound)
32,key15,15,0.5000,4,62.0,64.0,96.9,1.36,1.44,2.01,4.81,35,2,0,560,none(offered-bound)
32,key15,15,0.3333,6,62.0,64.0,96.9,1.37,0.16,1.92,3.45,36,2,0,235,none(offered-bound)
32,key15,15,0.2500,8,62.4,64.0,97.5,1.91,1.57,1.93,5.41,35,2,0,181,none(offered-bound)
32,key15,15,0.1667,12,62.0,64.0,96.9,1.07,0.02,1.94,3.03,35,2,0,137,none(offered-bound)
32,key15,15,0.1333,15,62.0,64.0,96.9,1.51,0.05,2.05,3.61,35,0,0,138,none(offered-bound)
32,key15,15,0.0833,24,62.3,64.0,97.3,2.53,0.02,1.95,4.50,34,0,0,51,none(offered-bound)
32,key15,15,0.0667,30,62.0,64.0,96.9,2.40,0.02,1.99,4.41,35,0,0,47,none(offered-bound)
50,key15,15,2.0000,1,47.5,100.0,47.5,3.87,5.90,2.06,11.83,51,16,7829,3091,VRAM-OOM
50,key15,15,1.0000,2,44.3,100.0,44.3,4.68,5.35,1.96,11.99,42,7,0,952,VRAM-OOM
50,key15,15,0.6667,3,49.1,100.0,49.1,4.64,5.44,2.07,12.15,48,6,0,949,VRAM-OOM
50,key15,15,0.5000,4,47.8,100.0,47.8,7.05,5.93,1.97,14.95,51,4,0,487,VRAM-OOM
50,key15,15,0.3333,6,46.4,100.0,46.4,6.42,4.62,2.06,13.10,41,2,0,475,VRAM-OOM
50,key15,15,0.2500,8,56.4,100.0,56.4,7.51,5.04,1.97,14.52,45,2,0,196,VRAM-OOM
50,key15,15,0.1667,12,50.6,100.0,50.6,5.44,3.28,2.07,10.79,39,1,0,241,VRAM-OOM
50,key15,15,0.1333,15,51.2,100.0,51.2,5.71,2.07,2.04,9.82,46,1,0,127,VRAM-OOM
50,key15,15,0.0833,24,55.0,100.0,55.0,7.26,1.27,2.20,10.73,48,1,0,126,VRAM-OOM
50,key15,15,0.0667,30,56.1,100.0,56.1,7.82,2.35,2.02,12.19,45,1,0,56,VRAM-OOM
75,key15,15,2.0000,1,69.1,150.0,46.1,23.41,26.94,2.45,52.80,50,16,0,2818,VRAM-OOM
75,key15,15,1.0000,2,49.7,150.0,33.1,14.79,20.19,2.15,37.13,48,6,0,1109,VRAM-OOM
75,key15,15,0.6667,3,55.0,150.0,36.7,8.97,8.22,2.13,19.32,59,7,0,1176,VRAM-OOM
75,key15,15,0.5000,4,45.1,150.0,30.1,18.17,16.54,2.19,36.90,49,5,0,471,VRAM-OOM
75,key15,15,0.3333,6,59.2,150.0,39.5,10.55,7.66,2.13,20.34,40,4,0,573,VRAM-OOM
75,key15,15,0.2500,8,62.0,150.0,41.3,10.16,6.64,2.06,18.86,47,3,0,318,VRAM-OOM
75,key15,15,0.1667,12,65.2,150.0,43.5,9.98,2.99,2.18,15.15,34,1,0,231,VRAM-OOM
75,key15,15,0.1333,15,63.0,150.0,42.0,13.04,4.53,2.11,19.68,38,1,0,179,VRAM-OOM
75,key15,15,0.0833,24,63.4,150.0,42.3,17.25,4.79,2.14,24.18,41,1,0,94,VRAM-OOM
75,key15,15,0.0667,30,70.7,150.0,47.1,17.09,0.26,2.23,19.58,52,1,0,81,VRAM-OOM
100,key15,15,2.0000,1,43.8,200.0,21.9,63.54,120.19,3.00,186.73,25,6,0,1963,VRAM-OOM
100,key15,15,1.0000,2,49.1,200.0,24.6,45.58,66.04,2.54,114.16,37,8,0,1363,VRAM-OOM
100,key15,15,0.6667,3,47.0,200.0,23.5,52.57,47.13,2.60,102.30,35,5,0,625,VRAM-OOM
100,key15,15,0.5000,4,45.5,200.0,22.8,45.19,31.49,2.60,79.28,45,5,0,756,VRAM-OOM
100,key15,15,0.3333,6,61.1,200.0,30.6,18.19,17.90,2.10,38.19,61,4,0,417,VRAM-OOM
100,key15,15,0.2500,8,61.6,200.0,30.8,23.55,12.55,2.20,38.30,33,3,0,448,VRAM-OOM
100,key15,15,0.1667,12,58.7,200.0,29.4,14.04,2.23,2.18,18.45,39,3,7840,257,VRAM-OOM
100,key15,15,0.1333,15,60.6,200.0,30.3,13.38,2.21,2.18,17.77,40,2,0,155,VRAM-OOM
100,key15,15,0.0833,24,67.3,200.0,33.6,21.31,2.41,2.32,26.04,47,1,0,140,VRAM-OOM
100,key15,15,0.0667,30,78.1,200.0,39.0,20.27,0.03,2.18,22.48,45,2,0,75,VRAM-OOM
1,key30,30,1.0000,1,1.0,1.0,100.0,0.12,0.02,2.08,2.22,0,0,0,29,none(offered-bound)
1,key30,30,0.5000,2,1.0,1.0,100.0,0.12,0.02,2.19,2.33,0,0,0,18,none(offered-bound)
1,key30,30,0.3333,3,1.0,1.0,100.0,0.12,0.02,2.10,2.24,0,0,0,6,none(offered-bound)
1,key30,30,0.2500,4,1.0,1.0,100.0,0.13,0.02,2.30,2.45,0,0,0,6,none(offered-bound)
1,key30,30,0.1667,6,1.0,1.0,100.0,0.14,0.02,2.45,2.61,0,0,0,8,none(offered-bound)
1,key30,30,0.1250,8,1.0,1.0,100.0,0.15,0.02,2.43,2.60,0,0,0,5,none(offered-bound)
1,key30,30,0.0833,12,1.0,1.0,100.0,0.18,0.02,2.89,3.09,0,0,0,3,none(offered-bound)
1,key30,30,0.0667,15,1.0,1.0,100.0,0.20,0.02,2.95,3.17,0,0,1693,1,none(offered-bound)
4,key30,30,1.0000,1,3.8,4.0,95.0,0.10,0.02,2.04,2.16,0,0,0,151,none(offered-bound)
4,key30,30,0.5000,2,3.8,4.0,95.0,0.11,0.02,2.03,2.16,0,0,0,50,none(offered-bound)
4,key30,30,0.3333,3,3.8,4.0,95.0,0.11,0.02,2.00,2.13,5,0,0,29,none(offered-bound)
4,key30,30,0.2500,4,3.8,4.0,95.0,0.11,0.03,2.17,2.31,5,0,0,40,none(offered-bound)
4,key30,30,0.1667,6,3.8,4.0,95.0,0.11,0.02,2.16,2.29,5,0,0,23,none(offered-bound)
4,key30,30,0.1250,8,3.9,4.0,97.5,0.12,0.02,2.16,2.30,5,0,0,12,none(offered-bound)
4,key30,30,0.0833,12,3.8,4.0,95.0,0.12,0.02,2.25,2.39,0,0,0,10,none(offered-bound)
4,key30,30,0.0667,15,3.8,4.0,95.0,0.13,0.02,2.25,2.40,0,0,0,7,none(offered-bound)
8,key30,30,1.0000,1,7.7,8.0,96.2,0.10,0.02,1.93,2.05,6,2,0,200,none(offered-bound)
8,key30,30,0.5000,2,7.6,8.0,95.0,0.10,0.02,1.87,1.99,5,1,0,73,none(offered-bound)
8,key30,30,0.3333,3,7.6,8.0,95.0,0.11,0.02,2.06,2.19,0,0,0,103,none(offered-bound)
8,key30,30,0.2500,4,7.6,8.0,95.0,0.11,0.02,2.01,2.14,0,0,0,55,none(offered-bound)
8,key30,30,0.1667,6,7.7,8.0,96.2,0.11,0.02,2.02,2.15,4,0,0,29,none(offered-bound)
8,key30,30,0.1250,8,7.6,8.0,95.0,0.11,0.02,2.06,2.19,5,0,0,32,none(offered-bound)
8,key30,30,0.0833,12,7.6,8.0,95.0,0.11,0.02,2.22,2.35,5,0,0,21,none(offered-bound)
8,key30,30,0.0667,15,7.8,8.0,97.5,0.12,0.02,2.16,2.30,5,0,0,9,none(offered-bound)
16,key30,30,1.0000,1,15.2,16.0,95.0,0.10,0.02,1.87,1.99,11,4,0,340,none(offered-bound)
16,key30,30,0.5000,2,15.2,16.0,95.0,0.10,0.02,2.03,2.15,11,2,0,326,none(offered-bound)
16,key30,30,0.3333,3,15.2,16.0,95.0,0.10,0.02,1.93,2.05,6,0,0,130,none(offered-bound)
16,key30,30,0.2500,4,15.5,16.0,96.9,0.10,0.02,1.93,2.05,5,0,0,85,none(offered-bound)
16,key30,30,0.1667,6,15.2,16.0,95.0,0.10,0.02,1.98,2.10,6,0,0,75,none(offered-bound)
16,key30,30,0.1250,8,15.2,16.0,95.0,0.11,0.02,2.11,2.24,10,0,0,76,none(offered-bound)
16,key30,30,0.0833,12,15.5,16.0,96.9,0.11,0.02,2.01,2.14,11,0,0,28,none(offered-bound)
16,key30,30,0.0667,15,15.2,16.0,95.0,0.11,0.02,2.05,2.18,10,0,0,28,none(offered-bound)
32,key30,30,1.0000,1,30.4,32.0,95.0,0.10,0.02,2.01,2.13,16,5,0,1225,none(offered-bound)
32,key30,30,0.5000,2,30.4,32.0,95.0,0.10,0.01,1.91,2.02,20,2,0,373,none(offered-bound)
32,key30,30,0.3333,3,30.8,32.0,96.2,0.10,0.03,1.92,2.05,16,2,0,249,none(offered-bound)
32,key30,30,0.2500,4,30.4,32.0,95.0,0.30,0.02,1.99,2.31,17,2,0,277,none(offered-bound)
32,key30,30,0.1667,6,30.4,32.0,95.0,0.10,0.02,2.05,2.17,17,2,0,180,none(offered-bound)
32,key30,30,0.1250,8,30.8,32.0,96.2,0.10,0.02,1.99,2.11,17,0,0,95,none(offered-bound)
32,key30,30,0.0833,12,30.5,32.0,95.3,0.11,0.02,2.03,2.16,17,0,0,74,none(offered-bound)
32,key30,30,0.0667,15,30.4,32.0,95.0,0.11,0.02,2.14,2.27,17,0,0,80,none(offered-bound)
50,key30,30,1.0000,1,23.7,50.0,47.4,2.14,1.95,1.95,6.04,30,8,7830,1113,VRAM-OOM
50,key30,30,0.5000,2,24.4,50.0,48.8,1.63,1.33,2.01,4.97,22,4,7830,753,VRAM-OOM
50,key30,30,0.3333,3,24.3,50.0,48.6,0.73,0.62,1.96,3.31,28,3,7830,344,VRAM-OOM
50,key30,30,0.2500,4,24.3,50.0,48.6,0.76,0.45,2.05,3.26,28,2,0,409,VRAM-OOM
50,key30,30,0.1667,6,28.4,50.0,56.8,1.19,0.23,1.98,3.40,24,3,0,163,VRAM-OOM
50,key30,30,0.1250,8,24.6,50.0,49.2,0.91,0.06,2.07,3.04,15,0,0,170,VRAM-OOM
50,key30,30,0.0833,12,27.3,50.0,54.6,0.12,0.02,2.02,2.16,28,0,0,90,VRAM-OOM
50,key30,30,0.0667,15,27.4,50.0,54.8,1.14,0.08,2.12,3.34,22,0,0,90,VRAM-OOM
75,key30,30,1.0000,1,37.1,75.0,49.5,38.51,22.18,2.21,62.90,12,4,0,997,VRAM-OOM
75,key30,30,0.5000,2,39.7,75.0,52.9,29.41,22.35,2.17,53.93,25,5,0,395,VRAM-OOM
75,key30,30,0.3333,3,40.0,75.0,53.3,20.20,7.64,2.33,30.17,26,4,0,534,VRAM-OOM
75,key30,30,0.2500,4,30.9,75.0,41.2,3.21,2.72,2.03,7.96,29,3,0,332,VRAM-OOM
75,key30,30,0.1667,6,30.9,75.0,41.2,2.82,0.33,2.10,5.25,21,2,0,272,VRAM-OOM
75,key30,30,0.1250,8,31.4,75.0,41.9,2.74,2.65,2.08,7.47,30,2,0,157,VRAM-OOM
75,key30,30,0.0833,12,31.1,75.0,41.5,2.60,1.04,2.14,5.78,31,2,0,100,VRAM-OOM
75,key30,30,0.0667,15,32.4,75.0,43.2,2.01,0.67,2.17,4.85,31,4,0,61,VRAM-OOM
100,key30,30,1.0000,1,34.4,100.0,34.4,17.68,22.05,2.19,41.92,31,14,0,1161,VRAM-OOM
100,key30,30,0.5000,2,26.0,100.0,26.0,9.54,4.79,2.15,16.48,37,6,0,812,VRAM-OOM
100,key30,30,0.3333,3,23.8,100.0,23.8,8.37,4.95,2.10,15.42,24,7,0,367,VRAM-OOM
100,key30,30,0.2500,4,22.4,100.0,22.4,9.33,9.51,2.14,20.98,31,4,0,300,VRAM-OOM
100,key30,30,0.1667,6,26.2,100.0,26.2,11.63,4.43,2.23,18.29,33,2,7835,272,VRAM-OOM
100,key30,30,0.1250,8,30.5,100.0,30.5,12.00,10.07,2.10,24.17,37,6,0,157,VRAM-OOM
100,key30,30,0.0833,12,33.8,100.0,33.8,15.85,8.00,2.24,26.09,31,2,0,118,VRAM-OOM
100,key30,30,0.0667,15,37.5,100.0,37.5,7.73,1.42,2.24,11.39,25,1,0,83,VRAM-OOM
1,key60,60,0.5000,1,0.5,0.5,100.0,0.13,0.02,2.07,2.22,0,0,0,13,none(offered-bound)
1,key60,60,0.2500,2,0.5,0.5,100.0,0.13,0.02,2.13,2.28,0,0,0,7,none(offered-bound)
1,key60,60,0.1667,3,0.5,0.5,100.0,0.14,0.02,2.18,2.34,0,0,0,3,none(offered-bound)
1,key60,60,0.1250,4,0.5,0.5,100.0,0.15,0.02,2.21,2.38,0,0,1835,2,none(offered-bound)
1,key60,60,0.0833,6,0.5,0.5,100.0,0.17,0.02,2.66,2.85,0,3,0,4,none(offered-bound)
1,key60,60,0.0625,8,0.5,0.5,100.0,0.20,0.05,2.60,2.85,0,0,0,1,none(offered-bound)
4,key60,60,0.5000,1,1.9,2.0,95.0,0.11,0.02,1.97,2.10,0,0,0,45,none(offered-bound)
4,key60,60,0.2500,2,1.8,2.0,90.0,0.11,0.02,1.98,2.11,0,0,0,24,mixed/ramp
4,key60,60,0.1667,3,1.9,2.0,95.0,0.11,0.02,2.10,2.23,0,0,0,21,none(offered-bound)
4,key60,60,0.1250,4,1.8,2.0,90.0,0.12,0.02,2.07,2.21,0,0,0,11,mixed/ramp
4,key60,60,0.0833,6,1.9,2.0,95.0,0.12,0.02,2.11,2.25,0,3,0,7,none(offered-bound)
4,key60,60,0.0625,8,1.8,2.0,90.0,0.13,0.02,2.36,2.51,0,3,0,8,mixed/ramp
8,key60,60,0.5000,1,3.7,4.0,92.5,0.11,0.02,1.92,2.05,0,0,0,88,mixed/ramp
8,key60,60,0.2500,2,3.7,4.0,92.5,0.11,0.02,2.02,2.15,5,0,0,45,mixed/ramp
8,key60,60,0.1667,3,3.6,4.0,90.0,0.11,0.02,2.08,2.21,5,0,0,49,mixed/ramp
8,key60,60,0.1250,4,3.6,4.0,90.0,0.11,0.02,2.05,2.18,0,4,0,27,mixed/ramp
8,key60,60,0.0833,6,3.7,4.0,92.5,0.12,0.02,1.98,2.12,0,3,0,11,mixed/ramp
8,key60,60,0.0625,8,3.6,4.0,90.0,0.12,0.02,2.03,2.17,0,3,0,14,mixed/ramp
16,key60,60,0.5000,1,7.2,8.0,90.0,0.10,0.02,2.00,2.12,6,2,0,288,mixed/ramp
16,key60,60,0.2500,2,7.4,8.0,92.5,0.10,0.02,1.95,2.07,5,0,0,94,mixed/ramp
16,key60,60,0.1667,3,7.2,8.0,90.0,0.11,0.02,1.92,2.05,5,4,0,66,mixed/ramp
16,key60,60,0.1250,4,7.2,8.0,90.0,0.11,0.02,2.08,2.21,0,4,0,78,mixed/ramp
16,key60,60,0.0833,6,7.4,8.0,92.5,0.11,0.02,2.05,2.18,5,3,0,33,mixed/ramp
16,key60,60,0.0625,8,7.3,8.0,91.2,0.11,0.02,1.93,2.06,5,3,0,14,mixed/ramp
32,key60,60,0.5000,1,14.5,16.0,90.6,0.10,0.02,2.02,2.14,10,6,0,646,mixed/ramp
32,key60,60,0.2500,2,14.5,16.0,90.6,0.10,0.02,1.96,2.08,0,5,0,206,mixed/ramp
32,key60,60,0.1667,3,14.8,16.0,92.5,0.10,0.01,1.93,2.04,9,6,0,113,mixed/ramp
32,key60,60,0.1250,4,14.5,16.0,90.6,0.11,0.02,1.98,2.11,11,5,0,122,mixed/ramp
32,key60,60,0.0833,6,14.5,16.0,90.6,0.11,0.02,2.06,2.19,10,5,0,86,mixed/ramp
32,key60,60,0.0625,8,14.7,16.0,91.9,0.11,0.02,2.00,2.13,7,3,0,46,mixed/ramp
50,key60,60,0.5000,1,10.9,25.0,43.6,0.10,0.02,1.93,2.05,8,3,0,609,VRAM-OOM
50,key60,60,0.2500,2,11.9,25.0,47.6,0.16,0.02,1.94,2.12,10,2,0,259,VRAM-OOM
50,key60,60,0.1667,3,12.1,25.0,48.4,0.11,0.02,1.99,2.12,11,2,0,229,VRAM-OOM
50,key60,60,0.1250,4,12.7,25.0,50.8,0.12,0.02,2.01,2.15,11,2,0,135,VRAM-OOM
50,key60,60,0.0833,6,12.8,25.0,51.2,0.11,0.02,2.11,2.24,15,0,0,141,VRAM-OOM
50,key60,60,0.0625,8,12.9,25.0,51.6,0.37,0.02,2.04,2.43,15,0,7836,63,VRAM-OOM
75,key60,60,0.5000,1,18.8,37.5,50.1,2.15,0.95,2.22,5.32,11,9,0,808,VRAM-OOM
75,key60,60,0.2500,2,13.0,37.5,34.7,0.69,0.04,1.99,2.72,11,5,0,298,VRAM-OOM
75,key60,60,0.1667,3,13.2,37.5,35.2,0.72,0.03,2.01,2.76,11,2,0,234,VRAM-OOM
75,key60,60,0.1250,4,15.4,37.5,41.1,0.42,0.04,2.02,2.48,15,5,0,155,VRAM-OOM
75,key60,60,0.0833,6,15.5,37.5,41.3,0.12,0.02,2.15,2.29,17,1,0,144,VRAM-OOM
75,key60,60,0.0625,8,15.6,37.5,41.6,0.11,0.02,2.01,2.14,15,1,0,66,VRAM-OOM
100,key60,60,0.5000,1,10.3,50.0,20.6,26.56,19.76,2.41,48.73,0,4,0,811,VRAM-OOM
100,key60,60,0.2500,2,19.5,50.0,39.0,24.03,8.56,2.34,34.93,11,9,0,233,VRAM-OOM
100,key60,60,0.1667,3,14.6,50.0,29.2,6.74,2.37,2.10,11.21,4,2,0,270,VRAM-OOM
100,key60,60,0.1250,4,14.7,50.0,29.4,1.70,1.41,2.07,5.18,17,2,0,161,VRAM-OOM
100,key60,60,0.0833,6,16.4,50.0,32.8,2.35,0.24,2.15,4.74,9,0,7839,145,VRAM-OOM
100,key60,60,0.0625,8,17.0,50.0,34.0,0.56,0.05,2.07,2.68,15,0,0,70,VRAM-OOM
1,key150,150,0.2000,1,0.2,0.2,100.0,0.14,0.02,2.20,2.36,0,0,0,5,none(offered-bound)
1,key150,150,0.1000,2,0.2,0.2,100.0,0.16,0.02,2.46,2.64,0,0,0,3,none(offered-bound)
1,key150,150,0.0667,3,0.2,0.2,100.0,0.16,0.03,2.88,3.07,0,0,0,2,none(offered-bound)
1,key150,150,0.0500,4,0.2,0.2,100.0,0.21,0.02,2.68,2.91,0,0,1835,1,none(offered-bound)
4,key150,150,0.2000,1,0.7,0.8,87.5,0.11,0.02,2.05,2.18,0,0,0,22,mixed/ramp
4,key150,150,0.1000,2,0.7,0.8,87.5,0.12,0.02,2.22,2.36,0,0,0,12,mixed/ramp
4,key150,150,0.0667,3,0.7,0.8,87.5,0.13,0.02,2.07,2.22,0,0,0,4,mixed/ramp
4,key150,150,0.0500,4,0.7,0.8,87.5,0.13,0.03,2.49,2.65,0,1,0,7,mixed/ramp
8,key150,150,0.2000,1,1.3,1.6,81.2,0.11,0.02,2.04,2.17,0,0,0,48,mixed/ramp
8,key150,150,0.1000,2,1.3,1.6,81.2,0.11,0.02,1.97,2.10,0,1,2890,16,mixed/ramp
8,key150,150,0.0667,3,1.3,1.6,81.2,0.12,0.02,2.17,2.31,0,0,0,16,mixed/ramp
8,key150,150,0.0500,4,1.3,1.6,81.2,0.12,0.02,2.18,2.32,0,0,0,12,mixed/ramp
16,key150,150,0.2000,1,2.6,3.2,81.2,0.10,0.02,1.93,2.05,0,0,0,68,mixed/ramp
16,key150,150,0.1000,2,2.6,3.2,81.2,0.11,0.02,2.11,2.24,0,1,0,49,mixed/ramp
16,key150,150,0.0667,3,2.7,3.2,84.4,0.11,0.02,2.14,2.27,0,0,0,32,mixed/ramp
16,key150,150,0.0500,4,2.6,3.2,81.2,0.11,0.02,2.01,2.14,0,0,4227,16,mixed/ramp
32,key150,150,0.2000,1,5.1,6.4,79.7,0.10,0.02,2.01,2.13,5,1,0,189,mixed/ramp
32,key150,150,0.1000,2,5.2,6.4,81.2,0.11,0.02,2.07,2.20,5,1,6644,95,mixed/ramp
32,key150,150,0.0667,3,5.1,6.4,79.7,0.11,0.02,1.99,2.12,5,0,0,44,mixed/ramp
32,key150,150,0.0500,4,5.1,6.4,79.7,0.11,0.02,2.19,2.32,5,0,0,55,mixed/ramp
50,key150,150,0.2000,1,4.5,10.0,45.0,0.10,0.02,2.02,2.14,5,2,0,270,VRAM-OOM
50,key150,150,0.1000,2,4.9,10.0,49.0,0.11,0.02,2.10,2.23,5,0,0,144,VRAM-OOM
50,key150,150,0.0667,3,5.1,10.0,51.0,0.11,0.02,2.08,2.21,5,0,0,83,VRAM-OOM
50,key150,150,0.0500,4,5.1,10.0,51.0,0.11,0.02,2.19,2.32,5,0,0,76,VRAM-OOM
75,key150,150,0.2000,1,5.8,15.0,38.7,0.10,0.04,1.98,2.12,2,1,0,174,VRAM-OOM
75,key150,150,0.1000,2,4.7,15.0,31.3,0.82,0.02,2.12,2.96,5,1,0,146,VRAM-OOM
75,key150,150,0.0667,3,5.7,15.0,38.0,0.31,0.04,2.05,2.40,5,0,0,63,VRAM-OOM
75,key150,150,0.0500,4,6.0,15.0,40.0,0.98,0.02,2.21,3.21,0,0,0,81,VRAM-OOM
100,key150,150,0.2000,1,4.0,20.0,20.0,0.29,0.10,2.07,2.46,0,1,0,177,VRAM-OOM
100,key150,150,0.1000,2,5.1,20.0,25.5,0.11,0.02,2.19,2.32,6,2,0,180,VRAM-OOM
100,key150,150,0.0667,3,5.6,20.0,28.0,0.94,0.69,2.22,3.85,0,0,0,83,VRAM-OOM
100,key150,150,0.0500,4,6.2,20.0,31.0,0.38,0.04,2.13,2.55,5,0,0,64,VRAM-OOM
